transaction_date,store_id,store_size,location_type,promotion_type,is_weekend,is_festival,competition_density,items_sold
1/1/2022,28,small,semi-urban,free_gift,1,0,5,224
1/1/2022,5,medium,semi-urban,free_gift,1,1,1,348
1/2/2022,13,small,semi-urban,loyalty_points,1,0,6,249
1/2/2022,17,small,urban,free_gift,1,0,7,259
1/3/2022,50,medium,semi-urban,bogo,0,0,3,277
1/3/2022,40,large,urban,category_offer,0,1,4,411
1/4/2022,45,small,semi-urban,free_gift,0,0,3,193
1/4/2022,32,medium,rural,flat_discount,0,0,1,240
1/5/2022,29,large,urban,free_gift,0,0,8,305
1/5/2022,3,small,rural,loyalty_points,0,0,2,181
1/6/2022,40,medium,urban,bogo,0,0,1,331
1/7/2022,34,medium,semi-urban,bogo,0,0,8,255
1/8/2022,40,medium,rural,flat_discount,1,0,7,270
1/9/2022,27,small,urban,flat_discount,1,1,7,359
1/10/2022,13,medium,urban,bogo,0,0,4,271
1/10/2022,45,large,semi-urban,free_gift,0,0,9,274
1/11/2022,33,medium,urban,flat_discount,0,0,6,334
1/11/2022,6,small,semi-urban,loyalty_points,0,0,2,166
1/11/2022,24,large,rural,category_offer,0,0,1,237
1/12/2022,19,small,semi-urban,free_gift,0,0,1,190
1/12/2022,16,medium,urban,category_offer,0,0,9,271
1/13/2022,40,small,semi-urban,flat_discount,0,0,4,229
1/14/2022,28,large,semi-urban,free_gift,0,0,5,276
1/15/2022,33,medium,urban,category_offer,1,0,3,293
1/15/2022,48,medium,semi-urban,category_offer,1,0,4,280
1/16/2022,41,small,semi-urban,category_offer,1,0,8,186
1/17/2022,13,medium,semi-urban,bogo,0,0,4,276
1/18/2022,43,large,urban,loyalty_points,0,1,9,384
1/18/2022,45,large,semi-urban,flat_discount,0,0,9,251
1/20/2022,25,medium,urban,loyalty_points,0,0,6,213
1/21/2022,42,medium,urban,loyalty_points,0,0,2,303
1/22/2022,36,medium,rural,flat_discount,1,0,7,253
1/23/2022,27,large,semi-urban,category_offer,1,0,9,331
1/23/2022,38,medium,urban,flat_discount,1,0,6,328
1/25/2022,7,medium,urban,bogo,0,0,3,306
1/25/2022,5,medium,urban,free_gift,0,0,7,279
1/25/2022,43,medium,urban,free_gift,0,0,5,252
1/27/2022,45,small,urban,loyalty_points,0,0,1,230
1/27/2022,31,medium,urban,category_offer,0,0,3,261
1/28/2022,23,medium,semi-urban,free_gift,0,0,5,206
1/28/2022,42,large,semi-urban,category_offer,0,0,7,272
1/29/2022,10,small,semi-urban,loyalty_points,1,0,3,224
1/29/2022,32,medium,semi-urban,flat_discount,1,0,6,293
1/29/2022,43,medium,urban,loyalty_points,1,0,5,269
1/29/2022,30,medium,rural,flat_discount,1,0,1,326
2/1/2022,39,small,rural,category_offer,0,0,6,183
2/3/2022,31,medium,rural,bogo,0,0,8,260
2/3/2022,18,medium,rural,flat_discount,0,0,1,234
2/3/2022,36,medium,rural,bogo,0,0,2,210
2/4/2022,2,medium,semi-urban,category_offer,0,0,4,281
2/4/2022,14,medium,urban,bogo,0,0,2,312
2/5/2022,13,large,semi-urban,flat_discount,1,0,9,309
2/6/2022,29,small,semi-urban,free_gift,1,0,8,246
2/6/2022,12,large,semi-urban,loyalty_points,1,0,8,325
2/7/2022,39,medium,semi-urban,bogo,0,0,4,272
2/7/2022,2,small,urban,flat_discount,0,0,5,281
2/8/2022,32,small,urban,bogo,0,0,4,295
2/8/2022,13,medium,rural,flat_discount,0,0,9,191
2/9/2022,46,large,semi-urban,category_offer,0,0,2,262
2/10/2022,27,medium,semi-urban,category_offer,0,0,8,244
2/10/2022,49,large,urban,free_gift,0,0,2,256
2/10/2022,41,medium,urban,bogo,0,0,1,313
2/11/2022,17,medium,rural,category_offer,0,0,3,175
2/11/2022,40,small,semi-urban,free_gift,0,0,9,176
2/12/2022,31,medium,rural,category_offer,1,0,3,248
2/16/2022,34,medium,semi-urban,category_offer,0,0,9,209
2/16/2022,24,small,semi-urban,category_offer,0,0,7,170
2/16/2022,45,small,urban,free_gift,0,0,1,219
2/16/2022,35,medium,semi-urban,bogo,0,1,5,407
2/16/2022,48,medium,semi-urban,loyalty_points,0,0,9,254
2/17/2022,6,large,semi-urban,free_gift,0,0,3,256
2/20/2022,19,large,semi-urban,free_gift,1,0,9,352
2/20/2022,30,medium,rural,flat_discount,1,0,5,265
2/20/2022,7,medium,urban,free_gift,1,0,9,311
2/22/2022,10,medium,rural,free_gift,0,0,6,210
2/23/2022,41,large,urban,flat_discount,0,0,9,301
2/23/2022,32,small,semi-urban,flat_discount,0,0,7,233
2/24/2022,34,medium,urban,free_gift,0,1,7,352
2/24/2022,28,large,urban,category_offer,0,0,8,284
2/24/2022,15,medium,semi-urban,free_gift,0,0,7,201
2/25/2022,30,medium,urban,flat_discount,0,1,9,335
2/27/2022,37,medium,semi-urban,category_offer,1,0,9,221
2/28/2022,29,small,rural,flat_discount,0,0,6,187
3/2/2022,22,medium,urban,bogo,0,0,7,269
3/2/2022,4,medium,rural,flat_discount,0,0,2,232
3/2/2022,20,small,semi-urban,flat_discount,0,1,9,317
3/3/2022,32,small,semi-urban,flat_discount,0,1,1,336
3/3/2022,36,large,urban,bogo,0,0,1,356
3/4/2022,50,small,urban,flat_discount,0,0,3,253
3/4/2022,4,medium,urban,bogo,0,0,6,348
3/6/2022,27,small,urban,free_gift,1,0,5,293
3/8/2022,17,large,urban,free_gift,0,0,2,315
3/10/2022,12,small,semi-urban,bogo,0,0,9,182
3/10/2022,22,medium,rural,loyalty_points,0,1,4,287
3/10/2022,17,large,rural,flat_discount,0,1,4,373
3/14/2022,10,large,semi-urban,free_gift,0,0,5,264
3/16/2022,1,small,urban,flat_discount,0,0,8,248
3/16/2022,22,large,urban,flat_discount,0,0,4,323
3/16/2022,26,medium,urban,free_gift,0,0,5,270
3/16/2022,18,medium,urban,free_gift,0,0,4,215
3/17/2022,50,small,semi-urban,loyalty_points,0,0,6,171
3/19/2022,14,small,semi-urban,free_gift,1,0,3,275
3/19/2022,47,medium,urban,loyalty_points,1,0,8,275
3/21/2022,29,medium,urban,flat_discount,0,0,6,288
3/22/2022,12,medium,rural,flat_discount,0,1,5,291
3/23/2022,36,medium,rural,flat_discount,0,0,2,248
3/24/2022,35,large,urban,flat_discount,0,0,7,318
3/27/2022,12,small,rural,free_gift,1,0,2,205
3/28/2022,7,medium,rural,category_offer,0,0,1,250
3/29/2022,29,small,urban,flat_discount,0,1,7,347
3/30/2022,11,large,urban,loyalty_points,0,0,5,279
3/31/2022,33,medium,semi-urban,loyalty_points,0,0,1,244
3/31/2022,6,large,rural,bogo,0,0,4,301
3/31/2022,47,small,rural,flat_discount,0,0,4,209
4/1/2022,15,small,urban,flat_discount,0,0,7,201
4/2/2022,32,small,urban,flat_discount,1,0,9,308
4/3/2022,11,small,semi-urban,flat_discount,1,0,2,254
4/4/2022,23,small,semi-urban,free_gift,0,0,1,203
4/5/2022,26,large,urban,flat_discount,0,0,2,404
4/5/2022,34,small,rural,bogo,0,0,7,206
4/5/2022,46,small,semi-urban,loyalty_points,0,0,6,167
4/6/2022,34,large,rural,category_offer,0,0,4,192
4/6/2022,29,medium,rural,loyalty_points,0,0,1,241
4/6/2022,4,large,semi-urban,flat_discount,0,1,1,353
4/8/2022,17,small,semi-urban,bogo,0,0,5,204
4/8/2022,35,medium,semi-urban,free_gift,0,0,1,243
4/9/2022,13,small,urban,flat_discount,1,0,7,324
4/9/2022,41,small,semi-urban,flat_discount,1,0,1,291
4/9/2022,39,large,urban,category_offer,1,0,1,358
4/12/2022,15,small,semi-urban,category_offer,0,0,2,206
4/13/2022,29,medium,urban,bogo,0,0,3,295
4/14/2022,29,medium,urban,free_gift,0,0,1,290
4/14/2022,11,medium,urban,bogo,0,0,9,294
4/15/2022,32,large,urban,flat_discount,0,0,8,345
4/17/2022,2,small,semi-urban,bogo,1,0,5,299
4/18/2022,47,medium,semi-urban,flat_discount,0,0,2,276
4/19/2022,14,large,semi-urban,flat_discount,0,0,5,285
4/19/2022,20,medium,urban,loyalty_points,0,1,6,350
4/21/2022,22,large,urban,free_gift,0,0,1,324
4/21/2022,11,small,urban,category_offer,0,0,4,200
4/21/2022,27,medium,urban,bogo,0,0,9,282
4/23/2022,3,small,rural,bogo,1,0,2,261
4/23/2022,17,medium,urban,flat_discount,1,0,5,357
4/24/2022,44,large,urban,flat_discount,1,0,1,382
4/25/2022,28,small,urban,flat_discount,0,0,4,222
4/27/2022,29,medium,urban,category_offer,0,0,4,269
4/27/2022,21,small,semi-urban,category_offer,0,0,6,189
4/28/2022,47,medium,semi-urban,free_gift,0,0,9,232
4/28/2022,16,medium,urban,free_gift,0,0,3,303
4/30/2022,37,large,urban,loyalty_points,1,0,9,353
5/2/2022,20,medium,urban,flat_discount,0,0,6,272
5/3/2022,6,medium,urban,bogo,0,0,7,283
5/6/2022,19,small,urban,bogo,0,0,2,247
5/6/2022,5,small,rural,category_offer,0,0,6,179
5/7/2022,3,small,semi-urban,loyalty_points,1,0,6,258
5/8/2022,1,small,semi-urban,flat_discount,1,0,2,261
5/8/2022,38,large,semi-urban,loyalty_points,1,0,2,307
5/8/2022,15,medium,semi-urban,loyalty_points,1,0,2,310
5/10/2022,34,medium,semi-urban,flat_discount,0,0,1,279
5/10/2022,35,small,semi-urban,bogo,0,0,5,240
5/11/2022,49,large,semi-urban,bogo,0,0,8,271
5/11/2022,25,medium,urban,loyalty_points,0,0,2,280
5/11/2022,24,small,semi-urban,flat_discount,0,0,5,191
5/12/2022,12,medium,semi-urban,category_offer,0,0,8,192
5/13/2022,18,medium,rural,bogo,0,0,5,236
5/14/2022,15,small,semi-urban,category_offer,1,0,2,229
5/15/2022,44,medium,semi-urban,bogo,1,0,3,315
5/17/2022,16,medium,urban,free_gift,0,0,6,235
5/18/2022,27,small,semi-urban,loyalty_points,0,0,5,203
5/19/2022,8,large,urban,category_offer,0,0,4,336
5/20/2022,46,large,urban,loyalty_points,0,0,4,249
5/21/2022,25,medium,urban,flat_discount,1,0,5,359
5/23/2022,17,medium,semi-urban,category_offer,0,0,2,218
5/24/2022,29,medium,urban,flat_discount,0,0,9,299
5/24/2022,8,medium,urban,bogo,0,1,2,392
5/24/2022,15,medium,rural,free_gift,0,0,2,224
5/25/2022,27,small,urban,bogo,0,0,9,248
5/25/2022,46,medium,semi-urban,free_gift,0,0,3,276
5/26/2022,50,large,semi-urban,loyalty_points,0,0,7,223
5/26/2022,7,medium,urban,flat_discount,0,0,4,308
5/27/2022,3,small,rural,category_offer,0,0,6,189
5/27/2022,29,large,urban,bogo,0,0,4,365
5/28/2022,44,small,semi-urban,flat_discount,1,0,7,312
5/29/2022,24,small,semi-urban,flat_discount,1,0,1,258
5/30/2022,3,small,semi-urban,loyalty_points,0,0,3,209
5/31/2022,20,medium,semi-urban,loyalty_points,0,0,3,223
5/31/2022,46,large,urban,loyalty_points,0,0,1,337
6/1/2022,15,medium,urban,loyalty_points,0,0,6,251
6/2/2022,25,small,semi-urban,flat_discount,0,0,9,193
6/3/2022,30,large,semi-urban,bogo,0,0,8,333
6/3/2022,14,large,rural,category_offer,0,1,7,306
6/3/2022,7,large,rural,free_gift,0,0,8,210
6/4/2022,17,small,rural,bogo,1,0,6,234
6/5/2022,44,medium,semi-urban,bogo,1,0,9,318
6/6/2022,20,large,urban,free_gift,0,0,3,355
6/7/2022,36,large,rural,free_gift,0,0,9,245
6/9/2022,9,small,semi-urban,flat_discount,0,0,4,250
6/9/2022,38,small,urban,free_gift,0,0,7,195
6/10/2022,48,medium,rural,free_gift,0,1,9,271
6/11/2022,22,large,rural,free_gift,1,0,2,301
6/11/2022,2,medium,semi-urban,flat_discount,1,0,2,306
6/14/2022,24,medium,urban,category_offer,0,0,9,255
6/15/2022,8,small,urban,flat_discount,0,0,3,273
6/16/2022,11,medium,rural,bogo,0,1,9,301
6/16/2022,13,large,rural,category_offer,0,0,5,248
6/17/2022,17,medium,urban,free_gift,0,0,6,270
6/19/2022,8,large,urban,bogo,1,0,2,375
6/19/2022,21,large,rural,category_offer,1,0,8,278
6/21/2022,18,small,urban,free_gift,0,0,9,219
6/21/2022,30,medium,semi-urban,category_offer,0,0,2,234
6/22/2022,18,small,rural,category_offer,0,0,6,162
6/22/2022,46,large,urban,free_gift,0,0,6,313
6/22/2022,47,medium,semi-urban,free_gift,0,0,8,220
6/26/2022,31,medium,urban,flat_discount,1,0,5,366
6/26/2022,38,large,urban,bogo,1,1,9,428
6/26/2022,32,medium,rural,bogo,1,0,1,283
6/30/2022,11,large,semi-urban,free_gift,0,0,9,337
7/1/2022,45,medium,rural,free_gift,0,0,7,183
7/2/2022,25,small,semi-urban,bogo,1,0,4,244
7/3/2022,33,medium,urban,flat_discount,1,0,3,359
7/6/2022,38,large,urban,free_gift,0,1,6,340
7/6/2022,41,medium,urban,bogo,0,0,1,311
7/6/2022,8,large,urban,category_offer,0,1,3,444
7/7/2022,11,large,urban,flat_discount,0,0,2,300
7/7/2022,22,small,urban,free_gift,0,0,9,173
7/9/2022,24,large,semi-urban,loyalty_points,1,1,3,353
7/9/2022,41,small,semi-urban,flat_discount,1,0,2,291
7/9/2022,17,small,semi-urban,free_gift,1,1,4,356
7/10/2022,12,small,semi-urban,flat_discount,1,0,2,256
7/11/2022,46,large,urban,free_gift,0,1,1,424
7/13/2022,32,medium,urban,free_gift,0,0,6,306
7/13/2022,15,small,semi-urban,bogo,0,0,8,265
7/15/2022,16,medium,semi-urban,free_gift,0,0,2,242
7/17/2022,22,medium,urban,loyalty_points,1,0,9,230
7/17/2022,28,small,rural,flat_discount,1,0,3,220
7/20/2022,20,large,rural,flat_discount,0,0,8,250
7/20/2022,33,large,semi-urban,loyalty_points,0,0,8,244
7/21/2022,10,medium,urban,free_gift,0,0,3,276
7/21/2022,40,large,rural,loyalty_points,0,0,3,268
7/22/2022,32,medium,semi-urban,free_gift,0,0,6,268
7/22/2022,50,large,rural,category_offer,0,0,1,252
7/24/2022,33,medium,rural,bogo,1,0,4,320
7/25/2022,2,medium,rural,category_offer,0,0,1,225
7/26/2022,33,small,semi-urban,loyalty_points,0,0,3,187
7/27/2022,33,large,urban,free_gift,0,0,9,325
8/2/2022,41,medium,semi-urban,flat_discount,0,1,5,336
8/3/2022,13,small,semi-urban,bogo,0,0,5,281
8/4/2022,30,small,semi-urban,flat_discount,0,0,4,182
8/4/2022,33,medium,urban,flat_discount,0,0,3,283
8/4/2022,13,medium,urban,bogo,0,0,5,301
8/5/2022,26,medium,rural,free_gift,0,0,4,228
8/5/2022,22,large,semi-urban,free_gift,0,0,8,302
8/5/2022,39,small,rural,bogo,0,0,4,207
8/6/2022,2,medium,rural,free_gift,1,0,8,215
8/6/2022,38,small,semi-urban,flat_discount,1,0,6,278
8/6/2022,39,large,semi-urban,flat_discount,1,0,5,358
8/8/2022,26,large,rural,flat_discount,0,1,4,304
8/12/2022,46,medium,semi-urban,free_gift,0,0,4,242
8/13/2022,50,medium,semi-urban,flat_discount,1,0,4,263
8/14/2022,15,medium,urban,bogo,1,1,9,401
8/14/2022,34,medium,semi-urban,bogo,1,0,4,295
8/14/2022,42,large,semi-urban,category_offer,1,0,9,323
8/16/2022,44,medium,urban,flat_discount,0,0,6,289
8/16/2022,49,medium,urban,category_offer,0,1,7,306
8/17/2022,40,medium,urban,category_offer,0,1,3,373
8/18/2022,11,large,urban,category_offer,0,0,8,260
8/19/2022,3,medium,urban,loyalty_points,0,0,3,269
8/19/2022,6,small,semi-urban,flat_discount,0,0,1,206
8/21/2022,9,medium,rural,flat_discount,1,0,5,265
8/21/2022,6,large,semi-urban,loyalty_points,1,0,2,326
8/23/2022,9,small,urban,free_gift,0,1,6,325
8/24/2022,39,small,urban,free_gift,0,0,9,256
8/24/2022,31,small,semi-urban,category_offer,0,0,1,199
8/25/2022,32,medium,urban,category_offer,0,0,4,275
8/27/2022,41,medium,rural,loyalty_points,1,0,1,241
8/30/2022,50,medium,semi-urban,loyalty_points,0,0,1,236
8/31/2022,12,medium,rural,category_offer,0,0,8,206
9/1/2022,8,medium,urban,bogo,0,1,2,391
9/2/2022,8,medium,semi-urban,loyalty_points,0,1,1,266
9/3/2022,50,large,urban,flat_discount,1,0,8,374
9/4/2022,28,medium,rural,flat_discount,1,0,4,287
9/4/2022,20,large,semi-urban,loyalty_points,1,0,3,293
9/6/2022,47,medium,urban,bogo,0,0,4,275
9/6/2022,7,small,urban,flat_discount,0,0,5,286
9/7/2022,11,medium,urban,flat_discount,0,0,1,314
9/7/2022,20,medium,semi-urban,loyalty_points,0,1,1,306
9/8/2022,16,medium,urban,free_gift,0,0,3,252
9/10/2022,4,small,semi-urban,category_offer,1,0,6,211
9/10/2022,6,small,urban,flat_discount,1,0,1,339
9/11/2022,22,large,semi-urban,category_offer,1,0,2,327
9/11/2022,26,small,rural,category_offer,1,0,7,190
9/13/2022,3,large,rural,bogo,0,0,1,309
9/15/2022,41,small,rural,bogo,0,0,7,178
9/16/2022,42,medium,urban,flat_discount,0,0,4,330
9/16/2022,14,medium,urban,loyalty_points,0,0,6,285
9/18/2022,11,medium,semi-urban,category_offer,1,0,8,254
9/18/2022,18,medium,urban,loyalty_points,1,0,9,272
9/20/2022,12,small,semi-urban,bogo,0,0,6,161
9/21/2022,23,small,urban,category_offer,0,0,9,175
9/22/2022,12,medium,urban,category_offer,0,0,4,234
9/23/2022,13,medium,urban,category_offer,0,0,6,265
9/25/2022,25,large,rural,loyalty_points,1,1,8,342
9/25/2022,45,large,urban,bogo,1,0,9,344
9/26/2022,19,large,semi-urban,flat_discount,0,0,3,293
9/27/2022,46,large,urban,category_offer,0,1,2,406
9/27/2022,36,medium,semi-urban,category_offer,0,0,6,240
9/29/2022,45,small,urban,free_gift,0,0,4,190
10/2/2022,8,large,rural,flat_discount,1,0,1,323
10/4/2022,29,medium,rural,free_gift,0,1,8,251
10/4/2022,32,medium,urban,bogo,0,1,9,395
10/6/2022,44,small,rural,bogo,0,0,9,212
10/7/2022,18,medium,rural,category_offer,0,0,2,191
10/7/2022,6,medium,rural,category_offer,0,0,9,173
10/8/2022,18,large,rural,flat_discount,1,1,7,377
10/11/2022,19,medium,urban,bogo,0,1,5,328
10/12/2022,22,medium,semi-urban,bogo,0,0,7,272
10/12/2022,37,large,urban,flat_discount,0,0,9,311
10/12/2022,32,small,urban,category_offer,0,0,8,240
10/13/2022,41,medium,rural,loyalty_points,0,0,6,164
10/16/2022,3,small,urban,bogo,1,0,4,297
10/16/2022,28,medium,semi-urban,category_offer,1,0,1,249
10/20/2022,10,large,rural,loyalty_points,0,0,6,206
10/21/2022,35,small,rural,loyalty_points,0,0,3,131
10/23/2022,29,large,rural,flat_discount,1,1,6,416
10/23/2022,15,small,urban,loyalty_points,1,0,6,239
10/23/2022,33,large,urban,bogo,1,0,4,396
10/29/2022,7,large,semi-urban,bogo,1,0,2,354
10/29/2022,12,large,urban,flat_discount,1,1,9,411
10/30/2022,49,small,urban,free_gift,1,0,2,284
11/1/2022,30,large,urban,flat_discount,0,0,3,350
11/7/2022,21,medium,rural,flat_discount,0,0,1,211
11/9/2022,31,medium,semi-urban,bogo,0,0,7,284
11/9/2022,24,large,urban,category_offer,0,0,1,295
11/10/2022,20,small,semi-urban,loyalty_points,0,0,9,155
11/11/2022,37,large,urban,bogo,0,1,1,450
11/12/2022,4,small,urban,loyalty_points,1,0,5,243
11/14/2022,28,medium,rural,loyalty_points,0,0,7,189
11/14/2022,44,medium,semi-urban,category_offer,0,0,3,228
11/14/2022,20,small,rural,flat_discount,0,0,9,181
11/16/2022,24,small,urban,category_offer,0,0,8,156
11/17/2022,50,small,rural,loyalty_points,0,0,3,115
11/17/2022,49,medium,semi-urban,category_offer,0,0,5,245
11/20/2022,32,medium,semi-urban,bogo,1,0,7,334
11/20/2022,41,medium,semi-urban,free_gift,1,0,4,265
11/22/2022,36,small,rural,category_offer,0,0,5,158
11/23/2022,34,small,semi-urban,free_gift,0,0,3,213
11/24/2022,36,medium,semi-urban,flat_discount,0,1,9,340
11/24/2022,2,small,rural,bogo,0,0,9,142
11/25/2022,15,large,rural,category_offer,0,0,7,216
11/25/2022,34,large,semi-urban,loyalty_points,0,0,2,260
11/26/2022,36,medium,semi-urban,flat_discount,1,0,7,311
11/26/2022,6,medium,urban,loyalty_points,1,0,7,356
11/27/2022,39,large,urban,bogo,1,1,5,464
11/30/2022,42,small,semi-urban,category_offer,0,0,9,142
12/1/2022,12,small,rural,category_offer,0,0,3,181
12/2/2022,3,small,rural,category_offer,0,0,4,201
12/3/2022,45,large,urban,loyalty_points,1,0,1,354
12/4/2022,18,small,semi-urban,bogo,1,0,6,249
12/4/2022,40,medium,urban,loyalty_points,1,0,4,326
12/4/2022,21,large,rural,flat_discount,1,0,1,343
12/5/2022,15,large,rural,category_offer,0,0,2,228
12/5/2022,33,medium,semi-urban,category_offer,0,0,3,245
12/6/2022,35,small,rural,category_offer,0,0,9,177
12/7/2022,26,large,semi-urban,bogo,0,0,8,330
12/8/2022,8,medium,semi-urban,loyalty_points,0,0,7,212
12/8/2022,36,small,urban,flat_discount,0,0,4,244
12/10/2022,48,small,semi-urban,flat_discount,1,0,1,302
12/12/2022,30,large,semi-urban,category_offer,0,1,8,310
12/12/2022,23,medium,semi-urban,free_gift,0,0,4,253
12/12/2022,42,large,urban,loyalty_points,0,0,3,266
12/13/2022,44,large,rural,bogo,0,0,9,299
12/14/2022,14,medium,urban,flat_discount,0,0,4,286
12/16/2022,14,medium,semi-urban,loyalty_points,0,0,4,254
12/16/2022,2,medium,semi-urban,free_gift,0,0,9,240
12/22/2022,37,medium,semi-urban,flat_discount,0,0,2,233
12/23/2022,5,medium,semi-urban,category_offer,0,0,5,265
12/24/2022,38,large,urban,free_gift,1,0,4,401
12/26/2022,45,medium,urban,free_gift,0,0,9,285
12/29/2022,41,large,semi-urban,free_gift,0,0,5,260
12/29/2022,47,medium,semi-urban,category_offer,0,0,9,210
12/30/2022,14,medium,urban,category_offer,0,0,9,256
12/31/2022,39,medium,semi-urban,category_offer,1,0,2,266
12/31/2022,25,medium,semi-urban,flat_discount,1,0,9,330
1/5/2023,20,medium,semi-urban,loyalty_points,0,0,3,229
1/6/2023,2,small,rural,category_offer,0,0,4,100
1/7/2023,39,medium,urban,category_offer,1,0,1,330
1/8/2023,6,small,urban,bogo,1,0,1,313
1/9/2023,17,medium,rural,loyalty_points,0,0,1,205
1/9/2023,25,medium,semi-urban,category_offer,0,0,9,208
1/11/2023,28,medium,semi-urban,flat_discount,0,0,8,266
1/11/2023,2,large,rural,bogo,0,0,5,312
1/12/2023,35,medium,rural,loyalty_points,0,0,5,202
1/14/2023,37,medium,rural,flat_discount,1,0,9,254
1/15/2023,5,medium,semi-urban,loyalty_points,1,0,3,269
1/15/2023,1,medium,semi-urban,category_offer,1,0,3,281
1/20/2023,40,small,semi-urban,category_offer,0,0,7,163
1/20/2023,12,small,urban,bogo,0,0,9,267
1/21/2023,36,medium,semi-urban,flat_discount,1,0,6,308
1/21/2023,45,medium,urban,loyalty_points,1,0,2,347
1/22/2023,23,small,rural,bogo,1,1,1,373
1/23/2023,47,small,semi-urban,category_offer,0,0,2,181
1/24/2023,31,small,semi-urban,bogo,0,0,1,262
1/24/2023,11,large,urban,flat_discount,0,0,9,294
1/25/2023,10,medium,urban,flat_discount,0,1,8,378
1/26/2023,3,medium,urban,free_gift,0,0,7,256
1/26/2023,14,small,semi-urban,loyalty_points,0,0,3,160
1/27/2023,16,medium,urban,bogo,0,0,8,303
1/28/2023,10,small,semi-urban,bogo,1,0,2,217
1/31/2023,29,small,rural,bogo,0,0,2,170
1/31/2023,10,medium,rural,free_gift,0,0,3,216
1/31/2023,12,small,semi-urban,bogo,0,0,7,226
1/31/2023,30,small,urban,loyalty_points,0,0,1,217
2/1/2023,41,small,rural,free_gift,0,1,8,206
2/1/2023,1,small,rural,free_gift,0,0,7,148
2/2/2023,5,small,urban,flat_discount,0,1,4,342
2/2/2023,20,medium,semi-urban,loyalty_points,0,0,5,234
2/2/2023,8,large,urban,flat_discount,0,0,1,341
2/3/2023,43,medium,rural,flat_discount,0,0,4,261
2/4/2023,12,medium,rural,category_offer,1,0,1,271
2/5/2023,1,small,urban,free_gift,1,0,1,273
2/5/2023,20,large,rural,bogo,1,0,1,334
2/5/2023,28,medium,semi-urban,bogo,1,0,7,273
2/5/2023,43,small,rural,category_offer,1,0,7,201
2/6/2023,37,medium,semi-urban,flat_discount,0,0,4,285
2/6/2023,47,small,rural,category_offer,0,0,2,191
2/6/2023,37,medium,urban,category_offer,0,0,3,306
2/7/2023,12,medium,urban,bogo,0,0,8,288
2/8/2023,37,large,urban,free_gift,0,1,8,419
2/9/2023,49,medium,rural,bogo,0,0,6,237
2/10/2023,49,medium,rural,category_offer,0,0,9,229
2/11/2023,44,large,rural,free_gift,1,0,9,287
2/12/2023,28,small,rural,bogo,1,0,4,270
2/17/2023,47,small,urban,free_gift,0,1,1,363
2/18/2023,15,medium,urban,loyalty_points,1,0,1,307
2/22/2023,6,medium,urban,bogo,0,0,5,310
2/22/2023,44,medium,urban,loyalty_points,0,0,2,296
2/23/2023,20,large,urban,bogo,0,0,6,338
2/23/2023,50,medium,semi-urban,flat_discount,0,1,7,295
2/24/2023,14,medium,urban,flat_discount,0,0,1,355
2/24/2023,2,medium,urban,bogo,0,0,6,290
2/26/2023,9,large,urban,flat_discount,1,0,8,369
3/1/2023,37,large,urban,flat_discount,0,0,5,358
3/5/2023,20,large,rural,loyalty_points,1,0,7,258
3/8/2023,26,small,rural,loyalty_points,0,0,6,126
3/8/2023,29,medium,rural,category_offer,0,0,4,214
3/11/2023,1,small,semi-urban,flat_discount,1,1,7,289
3/11/2023,35,small,urban,flat_discount,1,0,9,275
3/11/2023,6,small,rural,flat_discount,1,0,7,235
3/14/2023,37,medium,urban,category_offer,0,0,5,258
3/14/2023,5,medium,urban,loyalty_points,0,1,7,290
3/18/2023,33,small,urban,bogo,1,0,3,355
3/18/2023,49,medium,urban,flat_discount,1,0,2,346
3/18/2023,14,medium,urban,free_gift,1,0,5,355
3/19/2023,12,medium,urban,bogo,1,0,4,346
3/20/2023,42,small,semi-urban,bogo,0,0,5,207
3/21/2023,20,medium,urban,free_gift,0,0,8,272
3/21/2023,50,large,urban,category_offer,0,0,4,302
3/23/2023,24,small,rural,flat_discount,0,0,9,148
3/25/2023,43,small,urban,flat_discount,1,0,7,325
3/26/2023,34,medium,urban,loyalty_points,1,0,7,278
3/28/2023,25,large,rural,flat_discount,0,1,8,294
3/29/2023,50,medium,urban,flat_discount,0,0,6,320
3/29/2023,29,medium,urban,flat_discount,0,0,8,268
3/29/2023,39,medium,semi-urban,flat_discount,0,0,3,245
3/30/2023,31,medium,urban,bogo,0,0,1,272
3/31/2023,47,small,semi-urban,category_offer,0,0,6,230
3/31/2023,43,medium,rural,bogo,0,0,1,224
4/1/2023,50,large,urban,bogo,1,0,9,379
4/1/2023,23,medium,semi-urban,category_offer,1,0,2,306
4/2/2023,44,large,semi-urban,free_gift,1,0,2,344
4/2/2023,38,medium,urban,loyalty_points,1,0,7,292
4/5/2023,20,small,semi-urban,loyalty_points,0,0,2,146
4/5/2023,23,large,urban,flat_discount,0,0,8,300
4/6/2023,45,small,semi-urban,category_offer,0,0,6,191
4/9/2023,16,medium,urban,free_gift,1,0,7,294
4/11/2023,50,small,semi-urban,loyalty_points,0,0,7,179
4/12/2023,42,small,urban,free_gift,0,0,6,249
4/13/2023,8,medium,rural,loyalty_points,0,1,9,287
4/14/2023,50,small,urban,category_offer,0,0,9,182
4/15/2023,21,medium,semi-urban,flat_discount,1,0,7,348
4/16/2023,1,medium,semi-urban,free_gift,1,0,9,292
4/16/2023,8,small,semi-urban,loyalty_points,1,1,3,310
4/16/2023,29,small,semi-urban,loyalty_points,1,1,3,338
4/18/2023,32,medium,semi-urban,flat_discount,0,0,1,326
4/19/2023,38,medium,rural,category_offer,0,1,5,249
4/19/2023,5,medium,rural,bogo,0,0,4,242
4/20/2023,47,medium,urban,flat_discount,0,0,2,239
4/20/2023,22,large,semi-urban,bogo,0,0,9,302
4/21/2023,47,medium,rural,flat_discount,0,0,3,245
4/21/2023,34,medium,rural,category_offer,0,0,8,195
4/21/2023,1,medium,rural,bogo,0,0,6,225
4/22/2023,26,small,urban,category_offer,1,1,5,298
4/22/2023,43,medium,urban,flat_discount,1,0,1,356
4/23/2023,10,large,semi-urban,bogo,1,0,4,394
4/27/2023,30,medium,semi-urban,flat_discount,0,0,3,246
4/30/2023,50,large,semi-urban,flat_discount,1,0,1,363
4/30/2023,18,large,semi-urban,flat_discount,1,0,5,300
5/3/2023,17,large,rural,flat_discount,0,0,6,278
5/3/2023,26,large,urban,free_gift,0,1,2,394
5/4/2023,8,medium,rural,bogo,0,0,3,231
5/4/2023,47,medium,semi-urban,bogo,0,0,6,247
5/5/2023,40,medium,urban,bogo,0,0,4,298
5/6/2023,49,medium,semi-urban,loyalty_points,1,0,9,262
5/7/2023,12,medium,rural,loyalty_points,1,1,5,287
5/8/2023,27,medium,urban,free_gift,0,0,4,268
5/8/2023,8,medium,urban,bogo,0,0,2,312
5/9/2023,25,medium,rural,flat_discount,0,0,6,199
5/12/2023,46,small,urban,loyalty_points,0,0,2,268
5/12/2023,4,medium,semi-urban,flat_discount,0,0,7,227
5/12/2023,33,small,semi-urban,bogo,0,0,3,219
5/14/2023,1,large,semi-urban,bogo,1,0,9,318
5/15/2023,19,medium,semi-urban,bogo,0,0,5,314
5/17/2023,31,small,urban,flat_discount,0,0,8,254
5/17/2023,16,small,semi-urban,category_offer,0,0,6,163
5/18/2023,14,medium,urban,flat_discount,0,0,8,308
5/18/2023,48,medium,semi-urban,category_offer,0,0,3,241
5/18/2023,5,medium,urban,flat_discount,0,0,3,302
5/19/2023,41,small,semi-urban,flat_discount,0,0,5,206
5/20/2023,26,medium,urban,loyalty_points,1,0,3,287
5/21/2023,28,medium,urban,flat_discount,1,0,8,334
5/24/2023,2,medium,urban,category_offer,0,0,8,242
5/25/2023,50,medium,urban,free_gift,0,1,2,409
5/26/2023,6,medium,rural,flat_discount,0,0,4,201
5/26/2023,9,small,urban,loyalty_points,0,0,1,265
5/26/2023,33,large,rural,flat_discount,0,0,4,270
5/27/2023,41,medium,rural,loyalty_points,1,0,4,250
5/28/2023,25,medium,semi-urban,flat_discount,1,0,9,308
5/28/2023,48,small,urban,loyalty_points,1,0,3,250
5/29/2023,13,medium,urban,flat_discount,0,1,2,400
5/31/2023,9,small,rural,free_gift,0,0,9,95
5/31/2023,13,medium,urban,category_offer,0,0,9,235
6/1/2023,31,large,urban,loyalty_points,0,0,1,283
6/2/2023,41,medium,semi-urban,loyalty_points,0,0,6,185
6/2/2023,11,small,rural,category_offer,0,0,8,150
6/5/2023,4,small,rural,loyalty_points,0,0,3,170
6/5/2023,34,medium,urban,flat_discount,0,0,9,295
6/5/2023,38,small,semi-urban,bogo,0,0,2,245
6/6/2023,46,small,urban,bogo,0,0,6,245
6/8/2023,4,large,urban,bogo,0,0,1,366
6/8/2023,38,medium,rural,bogo,0,0,7,242
6/9/2023,19,small,urban,free_gift,0,0,3,264
6/9/2023,6,large,urban,flat_discount,0,0,7,343
6/10/2023,34,small,urban,category_offer,1,0,4,273
6/10/2023,18,large,rural,flat_discount,1,0,9,280
6/10/2023,13,medium,rural,bogo,1,0,5,273
6/16/2023,41,large,semi-urban,free_gift,0,0,3,272
6/18/2023,23,medium,rural,category_offer,1,0,8,233
6/21/2023,19,large,urban,category_offer,0,0,6,308
6/21/2023,45,large,semi-urban,category_offer,0,0,2,296
6/22/2023,11,small,urban,flat_discount,0,0,3,254
6/24/2023,1,large,urban,free_gift,1,0,8,351
6/25/2023,24,medium,semi-urban,flat_discount,1,0,7,297
6/26/2023,7,medium,rural,bogo,0,0,6,229
6/27/2023,25,medium,urban,bogo,0,0,1,293
6/30/2023,21,medium,urban,flat_discount,0,0,9,234
6/30/2023,15,small,urban,bogo,0,0,3,253
6/30/2023,1,medium,urban,loyalty_points,0,0,5,266
7/1/2023,12,medium,rural,loyalty_points,1,0,7,216
7/2/2023,7,large,semi-urban,bogo,1,0,7,343
7/4/2023,15,large,semi-urban,flat_discount,0,0,3,312
7/4/2023,21,medium,rural,flat_discount,0,0,4,246
7/5/2023,19,medium,urban,bogo,0,0,7,272
7/5/2023,29,small,semi-urban,loyalty_points,0,0,8,195
7/6/2023,25,small,semi-urban,flat_discount,0,0,2,252
7/8/2023,33,small,semi-urban,category_offer,1,0,9,194
7/11/2023,49,medium,rural,flat_discount,0,1,7,283
7/13/2023,32,small,rural,loyalty_points,0,0,8,175
7/14/2023,49,large,urban,bogo,0,1,6,418
7/15/2023,35,medium,rural,category_offer,1,0,6,191
7/17/2023,44,medium,urban,bogo,0,0,9,258
7/17/2023,38,medium,urban,free_gift,0,0,4,271
7/18/2023,26,small,urban,flat_discount,0,0,5,220
7/18/2023,11,medium,urban,flat_discount,0,0,9,267
7/18/2023,35,medium,semi-urban,loyalty_points,0,0,1,232
7/19/2023,8,medium,semi-urban,loyalty_points,0,0,4,259
7/20/2023,46,medium,rural,loyalty_points,0,0,7,181
7/20/2023,14,large,semi-urban,free_gift,0,0,9,294
7/21/2023,10,large,semi-urban,category_offer,0,0,6,302
7/23/2023,2,medium,urban,flat_discount,1,0,8,361
7/24/2023,46,medium,urban,bogo,0,0,9,300
7/24/2023,9,medium,semi-urban,bogo,0,0,4,223
7/28/2023,3,small,semi-urban,category_offer,0,0,1,213
7/28/2023,21,medium,rural,bogo,0,0,8,262
7/29/2023,26,small,urban,flat_discount,1,0,2,301
7/29/2023,8,medium,urban,free_gift,1,0,1,375
7/29/2023,48,medium,semi-urban,category_offer,1,0,7,290
7/31/2023,2,small,urban,bogo,0,1,9,347
8/1/2023,6,large,urban,flat_discount,0,0,9,345
8/1/2023,28,large,semi-urban,flat_discount,0,0,3,309
8/2/2023,29,medium,urban,flat_discount,0,0,6,224
8/2/2023,26,medium,semi-urban,bogo,0,0,7,251
8/3/2023,25,large,urban,category_offer,0,0,9,322
8/4/2023,12,small,urban,free_gift,0,0,2,223
8/8/2023,5,large,urban,category_offer,0,0,8,290
8/10/2023,34,small,rural,bogo,0,0,7,172
8/11/2023,48,large,urban,category_offer,0,0,4,352
8/11/2023,37,small,rural,flat_discount,0,0,2,241
8/11/2023,15,large,urban,free_gift,0,1,8,363
8/13/2023,44,large,rural,category_offer,1,0,5,293
8/16/2023,36,small,urban,flat_discount,0,0,6,229
8/16/2023,15,medium,semi-urban,flat_discount,0,0,7,264
8/17/2023,43,large,semi-urban,loyalty_points,0,0,1,284
8/18/2023,48,medium,rural,bogo,0,0,8,256
8/19/2023,23,large,urban,category_offer,1,0,4,361
8/21/2023,6,medium,urban,flat_discount,0,0,9,351
8/24/2023,46,medium,urban,category_offer,0,0,1,251
8/24/2023,50,small,rural,bogo,0,0,2,171
8/27/2023,44,small,semi-urban,flat_discount,1,0,6,247
8/27/2023,43,large,rural,free_gift,1,0,1,272
8/28/2023,45,medium,urban,flat_discount,0,0,4,255
8/30/2023,21,medium,urban,bogo,0,0,8,270
9/1/2023,23,medium,urban,flat_discount,0,0,5,266
9/2/2023,43,medium,rural,flat_discount,1,0,9,239
9/2/2023,16,large,semi-urban,bogo,1,0,6,364
9/5/2023,47,large,rural,flat_discount,0,0,1,269
9/5/2023,15,medium,urban,loyalty_points,0,0,6,247
9/5/2023,25,large,semi-urban,flat_discount,0,0,6,314
9/7/2023,36,large,semi-urban,free_gift,0,0,6,257
9/8/2023,11,medium,urban,flat_discount,0,0,8,274
9/9/2023,15,large,rural,bogo,1,1,6,416
9/12/2023,4,small,rural,loyalty_points,0,0,5,106
9/15/2023,21,small,rural,flat_discount,0,0,2,139
9/15/2023,13,large,semi-urban,loyalty_points,0,0,4,271
9/16/2023,22,medium,urban,flat_discount,1,0,5,347
9/16/2023,19,large,urban,category_offer,1,0,4,404
9/16/2023,34,large,rural,free_gift,1,1,2,392
9/17/2023,14,small,urban,loyalty_points,1,1,7,354
9/18/2023,4,large,semi-urban,free_gift,0,0,2,284
9/19/2023,48,medium,semi-urban,free_gift,0,1,1,339
9/20/2023,46,medium,semi-urban,flat_discount,0,0,5,296
9/20/2023,27,medium,rural,flat_discount,0,0,1,188
9/21/2023,29,large,urban,loyalty_points,0,0,1,317
9/24/2023,47,small,urban,bogo,1,0,1,375
9/25/2023,28,medium,urban,bogo,0,1,6,389
9/26/2023,35,medium,semi-urban,category_offer,0,0,9,259
9/26/2023,8,medium,urban,bogo,0,0,1,301
9/26/2023,16,medium,urban,loyalty_points,0,0,5,254
9/26/2023,42,small,rural,category_offer,0,0,9,153
9/26/2023,36,small,rural,free_gift,0,0,9,107
9/27/2023,30,medium,urban,loyalty_points,0,1,1,317
9/28/2023,18,large,urban,flat_discount,0,0,8,293
10/1/2023,2,small,rural,bogo,1,0,1,282
10/2/2023,49,small,urban,free_gift,0,0,8,247
10/2/2023,13,large,urban,flat_discount,0,0,1,350
10/3/2023,4,small,urban,category_offer,0,0,5,245
10/4/2023,26,large,semi-urban,loyalty_points,0,0,8,246
10/5/2023,25,medium,urban,bogo,0,0,6,332
10/7/2023,30,large,rural,bogo,1,0,9,318
10/8/2023,11,small,semi-urban,loyalty_points,1,0,1,238
10/8/2023,7,small,semi-urban,bogo,1,0,9,256
10/8/2023,31,medium,urban,free_gift,1,0,1,349
10/9/2023,44,large,semi-urban,bogo,0,0,3,305
10/10/2023,10,medium,semi-urban,loyalty_points,0,0,1,256
10/11/2023,39,small,rural,free_gift,0,1,3,232
10/15/2023,13,large,rural,category_offer,1,0,2,271
10/16/2023,31,large,semi-urban,category_offer,0,0,2,296
10/16/2023,7,medium,rural,bogo,0,0,9,230
10/18/2023,49,large,rural,bogo,0,0,8,264
10/18/2023,42,large,rural,loyalty_points,0,0,1,269
10/19/2023,42,medium,urban,bogo,0,0,4,292
10/20/2023,36,small,urban,category_offer,0,0,1,231
10/21/2023,20,medium,urban,loyalty_points,1,0,1,346
10/22/2023,4,small,semi-urban,free_gift,1,0,4,286
10/23/2023,7,medium,semi-urban,category_offer,0,0,2,278
10/23/2023,1,medium,semi-urban,category_offer,0,0,3,228
10/24/2023,44,small,rural,loyalty_points,0,1,9,253
10/24/2023,45,medium,rural,bogo,0,0,2,230
10/25/2023,42,small,rural,flat_discount,0,0,4,170
10/26/2023,47,large,urban,bogo,0,0,1,298
10/26/2023,13,large,semi-urban,category_offer,0,0,2,320
10/26/2023,22,small,urban,free_gift,0,0,5,213
10/27/2023,21,large,urban,category_offer,0,0,1,313
10/28/2023,22,medium,urban,bogo,1,0,7,321
10/28/2023,28,small,urban,category_offer,1,0,4,290
10/28/2023,9,small,semi-urban,flat_discount,1,0,6,247
10/29/2023,26,medium,rural,category_offer,1,0,8,208
10/30/2023,9,large,urban,free_gift,0,0,6,323
11/1/2023,15,medium,semi-urban,flat_discount,0,0,2,228
11/3/2023,10,small,semi-urban,bogo,0,0,1,221
11/3/2023,24,small,urban,category_offer,0,0,8,163
11/5/2023,42,medium,semi-urban,free_gift,1,0,8,240
11/7/2023,8,small,urban,flat_discount,0,0,9,242
11/7/2023,24,small,semi-urban,loyalty_points,0,0,6,127
11/7/2023,16,small,semi-urban,category_offer,0,1,1,244
11/8/2023,49,large,urban,loyalty_points,0,0,9,282
11/13/2023,26,large,urban,bogo,0,0,3,337
11/13/2023,27,medium,semi-urban,free_gift,0,0,6,286
11/13/2023,37,large,rural,loyalty_points,0,0,9,268
11/14/2023,4,medium,urban,free_gift,0,0,3,259
11/15/2023,50,medium,semi-urban,category_offer,0,0,5,243
11/15/2023,24,small,semi-urban,bogo,0,0,5,248
11/16/2023,19,medium,rural,bogo,0,0,7,224
11/16/2023,36,large,rural,flat_discount,0,0,4,235
11/16/2023,39,medium,semi-urban,flat_discount,0,0,4,257
11/17/2023,10,medium,semi-urban,flat_discount,0,0,7,244
11/18/2023,25,medium,rural,flat_discount,1,0,9,252
11/19/2023,18,small,urban,loyalty_points,1,0,4,274
11/19/2023,19,large,urban,flat_discount,1,0,4,359
11/20/2023,36,medium,urban,category_offer,0,0,6,233
11/20/2023,10,medium,rural,loyalty_points,0,1,6,274
11/20/2023,33,medium,rural,free_gift,0,0,7,218
11/21/2023,50,medium,urban,flat_discount,0,0,1,272
11/21/2023,5,small,semi-urban,category_offer,0,0,3,219
11/21/2023,47,medium,semi-urban,free_gift,0,0,9,183
11/22/2023,49,small,urban,category_offer,0,0,6,207
11/23/2023,35,medium,rural,category_offer,0,0,6,195
11/24/2023,44,large,urban,loyalty_points,0,0,5,279
11/28/2023,34,large,urban,free_gift,0,0,3,306
11/28/2023,33,medium,semi-urban,bogo,0,0,5,316
11/29/2023,21,medium,semi-urban,category_offer,0,1,1,300
11/30/2023,17,small,urban,flat_discount,0,0,3,317
11/30/2023,22,large,semi-urban,loyalty_points,0,0,4,273
11/30/2023,48,small,semi-urban,flat_discount,0,0,5,217
12/1/2023,37,medium,urban,bogo,0,0,9,304
12/1/2023,15,small,urban,category_offer,0,0,4,291
12/1/2023,35,small,semi-urban,free_gift,0,0,3,181
12/3/2023,28,medium,urban,bogo,1,0,1,333
12/4/2023,7,small,rural,free_gift,0,0,6,153
12/5/2023,32,medium,rural,loyalty_points,0,1,7,269
12/6/2023,11,medium,rural,bogo,0,0,8,192
12/8/2023,10,small,urban,loyalty_points,0,0,1,227
12/10/2023,9,medium,rural,flat_discount,1,1,4,400
12/10/2023,14,small,semi-urban,category_offer,1,0,5,238
12/10/2023,13,small,urban,loyalty_points,1,0,2,261
12/11/2023,25,medium,urban,flat_discount,0,0,1,286
12/11/2023,2,small,urban,bogo,0,0,8,278
12/11/2023,35,large,semi-urban,flat_discount,0,0,6,271
12/11/2023,7,small,semi-urban,category_offer,0,0,5,236
12/12/2023,21,small,urban,free_gift,0,0,9,271
12/13/2023,18,medium,semi-urban,category_offer,0,0,2,245
12/14/2023,3,medium,urban,flat_discount,0,0,8,280
12/15/2023,42,small,semi-urban,flat_discount,0,0,9,228
12/15/2023,39,medium,urban,flat_discount,0,0,1,329
12/15/2023,41,small,rural,bogo,0,0,7,178
12/15/2023,49,large,rural,free_gift,0,0,8,232
12/16/2023,11,medium,semi-urban,loyalty_points,1,0,3,237
12/18/2023,39,large,urban,category_offer,0,0,4,318
12/19/2023,24,large,urban,bogo,0,0,3,367
12/20/2023,46,medium,rural,loyalty_points,0,0,7,155
12/21/2023,19,large,urban,category_offer,0,0,9,281
12/22/2023,4,medium,urban,loyalty_points,0,0,3,227
12/23/2023,26,large,urban,free_gift,1,0,6,334
12/24/2023,38,small,semi-urban,bogo,1,0,8,279
12/25/2023,42,medium,semi-urban,flat_discount,0,1,6,313
12/26/2023,32,medium,rural,category_offer,0,0,2,206
12/27/2023,39,medium,urban,flat_discount,0,0,7,243
12/27/2023,45,medium,urban,bogo,0,0,2,318
12/28/2023,46,medium,rural,free_gift,0,1,2,302
12/28/2023,36,small,rural,free_gift,0,0,2,165
12/28/2023,40,small,urban,free_gift,0,0,1,242
12/28/2023,37,medium,semi-urban,flat_discount,0,0,1,271
12/30/2023,33,medium,urban,bogo,1,0,7,323
12/30/2023,36,large,rural,free_gift,1,0,5,263
12/31/2023,3,large,urban,loyalty_points,1,0,3,391
12/31/2023,9,large,rural,category_offer,1,0,1,286
1/1/2024,8,medium,semi-urban,loyalty_points,0,1,6,294
1/2/2024,33,small,semi-urban,category_offer,0,1,1,307
1/2/2024,6,small,urban,free_gift,0,0,9,311
1/3/2024,41,large,semi-urban,flat_discount,0,0,2,272
1/5/2024,39,medium,semi-urban,category_offer,0,0,1,253
1/5/2024,4,small,urban,free_gift,0,0,7,211
1/6/2024,13,medium,semi-urban,free_gift,1,0,6,268
1/6/2024,49,large,rural,free_gift,1,0,6,278
1/8/2024,2,medium,semi-urban,free_gift,0,0,5,211
1/8/2024,5,medium,semi-urban,bogo,0,0,4,271
1/9/2024,44,medium,urban,free_gift,0,0,4,241
1/9/2024,27,small,semi-urban,flat_discount,0,0,3,244
1/9/2024,32,medium,urban,category_offer,0,0,8,257
1/10/2024,21,medium,semi-urban,flat_discount,0,0,7,259
1/11/2024,8,small,rural,flat_discount,0,0,9,166
1/13/2024,38,large,semi-urban,bogo,1,0,1,357
1/14/2024,8,medium,urban,category_offer,1,0,7,311
1/16/2024,50,large,urban,bogo,0,0,4,318
1/18/2024,3,large,semi-urban,bogo,0,0,7,295
1/18/2024,44,small,semi-urban,free_gift,0,0,1,190
1/18/2024,3,medium,rural,bogo,0,0,5,222
1/19/2024,22,medium,rural,loyalty_points,0,0,3,148
1/20/2024,6,large,semi-urban,loyalty_points,1,0,5,338
1/20/2024,2,small,urban,free_gift,1,0,4,265
1/21/2024,23,medium,urban,bogo,1,1,2,468
1/21/2024,44,medium,urban,category_offer,1,0,4,339
1/22/2024,2,small,urban,flat_discount,0,0,3,223
1/22/2024,38,small,semi-urban,free_gift,0,1,1,264
1/23/2024,17,medium,semi-urban,bogo,0,0,8,325
1/24/2024,35,medium,semi-urban,loyalty_points,0,0,5,263
1/24/2024,34,medium,urban,flat_discount,0,0,4,292
1/25/2024,23,medium,urban,free_gift,0,0,5,281
1/28/2024,30,medium,urban,category_offer,1,1,4,377
1/29/2024,8,medium,urban,free_gift,0,0,3,291
1/29/2024,22,small,rural,flat_discount,0,0,5,172
1/29/2024,44,large,urban,loyalty_points,0,0,4,247
1/29/2024,36,small,semi-urban,free_gift,0,0,1,178
1/29/2024,5,medium,urban,free_gift,0,0,3,281
1/31/2024,13,small,rural,flat_discount,0,0,8,152
1/31/2024,29,small,semi-urban,free_gift,0,0,7,192
1/31/2024,31,medium,urban,bogo,0,0,2,287
2/1/2024,47,small,semi-urban,flat_discount,0,0,1,207
2/2/2024,16,large,semi-urban,flat_discount,0,0,3,322
2/2/2024,42,small,rural,loyalty_points,0,0,5,161
2/3/2024,30,medium,urban,flat_discount,1,0,1,346
2/3/2024,16,medium,rural,flat_discount,1,0,3,302
2/3/2024,12,small,rural,free_gift,1,0,3,238
2/3/2024,17,small,rural,category_offer,1,0,5,246
2/6/2024,16,medium,semi-urban,flat_discount,0,0,3,249
2/6/2024,12,medium,semi-urban,free_gift,0,1,9,297
2/6/2024,8,medium,semi-urban,flat_discount,0,0,1,234
2/8/2024,20,medium,rural,flat_discount,0,0,4,222
2/8/2024,3,medium,semi-urban,flat_discount,0,0,4,282
2/9/2024,16,small,semi-urban,loyalty_points,0,1,1,304
2/10/2024,30,medium,semi-urban,flat_discount,1,0,2,333
2/10/2024,45,large,semi-urban,flat_discount,1,0,1,307
2/11/2024,23,medium,rural,bogo,1,1,6,394
2/13/2024,28,medium,urban,loyalty_points,0,0,3,215
2/14/2024,40,medium,rural,bogo,0,0,7,261
2/15/2024,5,large,semi-urban,bogo,0,0,5,300
2/15/2024,20,large,rural,flat_discount,0,0,9,275
2/16/2024,40,medium,semi-urban,bogo,0,0,7,230
2/16/2024,44,large,urban,free_gift,0,0,4,347
2/17/2024,1,small,rural,free_gift,1,0,5,183
2/17/2024,30,small,urban,bogo,1,0,5,293
2/18/2024,21,large,rural,bogo,1,0,5,305
2/19/2024,20,large,semi-urban,flat_discount,0,0,9,239
2/20/2024,6,small,semi-urban,bogo,0,0,3,238
2/23/2024,22,small,urban,flat_discount,0,0,6,292
2/24/2024,18,small,semi-urban,category_offer,1,0,8,292
2/24/2024,8,small,urban,loyalty_points,1,0,9,250
2/24/2024,39,large,urban,loyalty_points,1,0,7,361
2/29/2024,32,medium,urban,loyalty_points,0,0,3,266
3/1/2024,33,medium,urban,free_gift,0,0,1,299
3/2/2024,16,medium,rural,category_offer,1,0,4,244
3/2/2024,12,small,rural,bogo,1,0,6,251
3/4/2024,38,small,urban,category_offer,0,1,3,324
3/4/2024,34,medium,semi-urban,free_gift,0,0,1,237
3/4/2024,14,large,urban,free_gift,0,0,6,310
3/5/2024,36,large,semi-urban,category_offer,0,0,1,280
3/5/2024,33,small,rural,bogo,0,0,9,213
3/5/2024,23,large,rural,bogo,0,0,1,270
3/6/2024,50,large,semi-urban,loyalty_points,0,0,6,255
3/7/2024,45,large,rural,flat_discount,0,0,1,329
3/8/2024,2,medium,urban,free_gift,0,0,7,298
3/8/2024,41,medium,rural,loyalty_points,0,0,3,234
3/8/2024,21,medium,urban,free_gift,0,0,6,272
3/8/2024,2,small,semi-urban,free_gift,0,1,7,282
3/10/2024,27,small,semi-urban,flat_discount,1,0,1,297
3/10/2024,9,small,semi-urban,bogo,1,0,1,326
3/11/2024,1,medium,urban,loyalty_points,0,0,5,206
3/12/2024,11,medium,rural,free_gift,0,0,6,179
3/12/2024,3,medium,urban,free_gift,0,0,9,295
3/14/2024,23,small,semi-urban,flat_discount,0,0,1,220
3/15/2024,26,large,urban,flat_discount,0,0,4,316
3/15/2024,4,large,urban,loyalty_points,0,0,8,254
3/15/2024,18,large,semi-urban,bogo,0,0,9,284
3/15/2024,6,large,semi-urban,free_gift,0,0,3,250
3/16/2024,35,medium,urban,flat_discount,1,0,2,396
3/16/2024,22,large,urban,category_offer,1,0,4,352
3/16/2024,43,small,semi-urban,loyalty_points,1,0,2,232
3/16/2024,15,medium,rural,free_gift,1,0,1,286
3/17/2024,22,small,rural,flat_discount,1,0,3,265
3/17/2024,37,small,urban,free_gift,1,0,7,297
3/22/2024,42,small,urban,category_offer,0,0,1,263
3/24/2024,12,medium,urban,bogo,1,0,2,343
3/24/2024,47,large,urban,loyalty_points,1,0,1,344
3/24/2024,49,medium,semi-urban,category_offer,1,0,8,285
3/25/2024,42,small,semi-urban,loyalty_points,0,1,5,246
3/25/2024,38,large,urban,free_gift,0,0,8,305
3/25/2024,18,medium,urban,flat_discount,0,0,3,305
3/25/2024,45,medium,urban,bogo,0,0,7,318
3/26/2024,35,medium,rural,flat_discount,0,0,8,176
3/26/2024,30,small,rural,loyalty_points,0,0,6,169
3/26/2024,24,medium,urban,category_offer,0,0,7,253
3/26/2024,42,large,urban,category_offer,0,1,2,411
3/27/2024,30,small,rural,bogo,0,1,8,295
3/27/2024,14,medium,rural,flat_discount,0,0,5,270
3/29/2024,6,large,semi-urban,category_offer,0,0,7,297
3/31/2024,3,medium,urban,free_gift,1,1,1,445
3/31/2024,16,small,urban,flat_discount,1,0,5,331
4/1/2024,7,small,semi-urban,free_gift,0,0,1,219
4/2/2024,14,small,urban,flat_discount,0,0,8,241
4/2/2024,9,medium,urban,bogo,0,0,4,329
4/2/2024,15,medium,semi-urban,free_gift,0,0,4,261
4/2/2024,21,small,urban,flat_discount,0,0,2,251
4/3/2024,35,large,rural,loyalty_points,0,0,5,245
4/3/2024,2,medium,urban,flat_discount,0,0,1,301
4/4/2024,27,small,urban,flat_discount,0,0,9,216
4/4/2024,2,medium,semi-urban,flat_discount,0,0,5,287
4/5/2024,35,medium,urban,category_offer,0,0,6,263
4/6/2024,18,small,rural,bogo,1,0,2,310
4/6/2024,14,small,semi-urban,free_gift,1,0,1,216
4/7/2024,20,large,urban,flat_discount,1,1,4,444
4/7/2024,18,medium,semi-urban,flat_discount,1,1,7,374
4/8/2024,10,medium,urban,bogo,0,0,6,330
4/10/2024,25,medium,rural,category_offer,0,0,1,226
4/10/2024,2,small,urban,loyalty_points,0,0,1,234
4/10/2024,25,small,semi-urban,flat_discount,0,0,8,177
4/11/2024,33,medium,urban,free_gift,0,1,4,329
4/12/2024,36,small,semi-urban,loyalty_points,0,1,5,268
4/13/2024,31,small,rural,bogo,1,0,7,209
4/15/2024,14,large,rural,category_offer,0,0,8,222
4/15/2024,1,large,urban,flat_discount,0,0,7,336
4/17/2024,46,large,urban,loyalty_points,0,0,2,279
4/17/2024,16,large,rural,category_offer,0,0,4,288
4/17/2024,46,small,rural,loyalty_points,0,0,1,197
4/20/2024,3,large,urban,category_offer,1,0,9,298
4/22/2024,35,small,semi-urban,bogo,0,0,3,212
4/23/2024,41,large,urban,loyalty_points,0,0,3,243
4/24/2024,6,large,rural,bogo,0,0,9,253
4/26/2024,25,medium,urban,bogo,0,0,3,330
4/27/2024,13,large,urban,category_offer,1,0,8,330
4/28/2024,34,medium,rural,category_offer,1,0,2,270
4/28/2024,8,small,urban,loyalty_points,1,0,3,227
4/29/2024,21,medium,semi-urban,flat_discount,0,1,2,363
4/30/2024,34,medium,semi-urban,category_offer,0,0,1,228
4/30/2024,4,small,urban,category_offer,0,0,2,234
5/1/2024,25,medium,urban,flat_discount,0,0,8,278
5/2/2024,15,large,semi-urban,bogo,0,0,9,266
5/2/2024,4,small,urban,bogo,0,0,2,245
5/3/2024,45,large,semi-urban,bogo,0,0,7,328
5/3/2024,12,large,rural,loyalty_points,0,1,5,324
5/3/2024,32,large,rural,category_offer,0,0,3,277
5/4/2024,32,large,urban,category_offer,1,0,9,346
5/6/2024,28,medium,urban,loyalty_points,0,0,6,255
5/8/2024,13,large,urban,bogo,0,1,1,393
5/10/2024,31,large,urban,category_offer,0,0,5,298
5/10/2024,14,small,semi-urban,bogo,0,0,7,223
5/13/2024,20,medium,semi-urban,loyalty_points,0,0,4,271
5/13/2024,18,medium,urban,flat_discount,0,1,8,378
5/14/2024,29,small,urban,loyalty_points,0,0,5,253
5/15/2024,6,medium,urban,flat_discount,0,0,9,292
5/16/2024,32,medium,semi-urban,bogo,0,0,9,240
5/16/2024,29,small,urban,category_offer,0,0,9,215
5/18/2024,43,medium,semi-urban,bogo,1,0,1,332
5/20/2024,2,large,urban,free_gift,0,0,2,300
5/21/2024,23,medium,rural,bogo,0,0,3,241
5/21/2024,19,small,rural,category_offer,0,1,4,242
5/21/2024,31,small,urban,flat_discount,0,0,9,278
5/22/2024,5,medium,urban,flat_discount,0,0,6,234
5/22/2024,19,large,semi-urban,bogo,0,1,1,432
5/25/2024,34,small,urban,free_gift,1,0,9,244
5/25/2024,10,medium,semi-urban,flat_discount,1,0,6,262
5/26/2024,25,small,rural,bogo,1,0,4,282
5/26/2024,2,medium,semi-urban,bogo,1,0,4,336
5/26/2024,11,large,rural,flat_discount,1,0,3,352
5/27/2024,50,medium,urban,free_gift,0,1,7,369
5/28/2024,31,small,urban,loyalty_points,0,0,3,272
5/28/2024,15,medium,semi-urban,flat_discount,0,0,2,277
5/30/2024,9,small,urban,free_gift,0,0,8,222
5/30/2024,23,medium,semi-urban,category_offer,0,0,4,241
5/30/2024,19,medium,urban,bogo,0,1,8,407
6/1/2024,9,small,urban,category_offer,1,1,1,342
6/1/2024,35,small,rural,bogo,1,0,5,233
6/1/2024,21,medium,urban,free_gift,1,0,9,300
6/2/2024,9,large,rural,flat_discount,1,0,1,274
6/2/2024,28,large,rural,category_offer,1,0,4,296
6/3/2024,46,small,rural,category_offer,0,0,6,114
6/3/2024,7,large,semi-urban,flat_discount,0,0,8,287
6/4/2024,16,medium,semi-urban,bogo,0,0,3,297
6/6/2024,16,medium,rural,loyalty_points,0,0,5,183
6/9/2024,33,large,urban,bogo,1,0,7,425
6/10/2024,4,large,semi-urban,free_gift,0,0,1,255
6/11/2024,4,large,semi-urban,loyalty_points,0,0,7,283
6/12/2024,39,medium,semi-urban,category_offer,0,0,8,237
6/13/2024,40,medium,semi-urban,free_gift,0,0,8,188
6/14/2024,17,large,urban,category_offer,0,1,9,440
6/15/2024,37,small,semi-urban,loyalty_points,1,0,6,220
6/15/2024,39,medium,rural,free_gift,1,0,6,235
6/16/2024,29,medium,urban,free_gift,1,0,2,293
6/16/2024,36,medium,rural,bogo,1,0,3,290
6/17/2024,38,small,semi-urban,loyalty_points,0,1,4,259
6/18/2024,39,small,rural,category_offer,0,0,4,170
6/18/2024,50,large,semi-urban,flat_discount,0,0,8,278
6/18/2024,37,small,rural,loyalty_points,0,1,1,262
6/20/2024,35,medium,urban,free_gift,0,0,4,268
6/21/2024,7,small,rural,flat_discount,0,0,4,144
6/23/2024,27,small,urban,free_gift,1,0,1,288
6/24/2024,28,small,rural,bogo,0,0,3,151
6/27/2024,22,small,rural,loyalty_points,0,0,5,163
6/28/2024,14,large,urban,flat_discount,0,0,6,302
6/29/2024,7,small,urban,category_offer,1,0,9,262
6/30/2024,37,large,rural,free_gift,1,1,9,400
7/1/2024,22,medium,urban,flat_discount,0,0,9,254
7/2/2024,5,medium,rural,loyalty_points,0,0,1,233
7/2/2024,2,medium,urban,free_gift,0,0,9,252
7/3/2024,27,medium,urban,bogo,0,0,8,339
7/6/2024,21,large,rural,free_gift,1,0,2,299
7/7/2024,38,small,semi-urban,loyalty_points,1,1,1,295
7/7/2024,15,medium,rural,bogo,1,0,1,319
7/8/2024,21,large,urban,flat_discount,0,0,6,316
7/8/2024,10,large,semi-urban,flat_discount,0,0,9,261
7/9/2024,23,large,semi-urban,bogo,0,0,7,292
7/9/2024,39,medium,semi-urban,category_offer,0,1,5,308
7/9/2024,5,large,semi-urban,free_gift,0,0,2,322
7/9/2024,1,medium,semi-urban,flat_discount,0,1,1,298
7/10/2024,13,medium,semi-urban,flat_discount,0,0,2,264
7/11/2024,21,small,urban,bogo,0,0,1,292
7/13/2024,26,medium,rural,loyalty_points,1,0,3,250
7/13/2024,50,small,urban,bogo,1,0,6,339
7/14/2024,45,medium,semi-urban,loyalty_points,1,0,8,254
7/16/2024,21,large,urban,free_gift,0,0,3,316
7/17/2024,18,small,semi-urban,flat_discount,0,0,9,217
7/17/2024,37,small,semi-urban,loyalty_points,0,0,5,182
7/17/2024,45,small,urban,free_gift,0,0,7,219
7/18/2024,32,large,urban,category_offer,0,0,8,308
7/22/2024,36,medium,urban,loyalty_points,0,1,3,324
7/22/2024,17,medium,semi-urban,flat_discount,0,0,2,248
7/22/2024,35,large,rural,flat_discount,0,0,2,265
7/23/2024,49,large,urban,category_offer,0,0,5,338
7/23/2024,11,medium,semi-urban,bogo,0,0,1,201
7/24/2024,21,medium,urban,flat_discount,0,0,2,308
7/24/2024,26,large,semi-urban,flat_discount,0,0,9,283
7/24/2024,4,medium,rural,flat_discount,0,0,7,181
7/25/2024,34,small,urban,category_offer,0,1,6,309
7/25/2024,48,large,semi-urban,flat_discount,0,0,9,294
7/27/2024,18,medium,urban,free_gift,1,0,7,328
7/27/2024,40,small,urban,free_gift,1,0,5,213
7/27/2024,35,medium,urban,bogo,1,0,9,372
7/28/2024,41,small,urban,flat_discount,1,0,6,273
8/1/2024,29,small,semi-urban,category_offer,0,0,6,204
8/3/2024,29,large,semi-urban,flat_discount,1,0,4,361
8/4/2024,38,small,semi-urban,category_offer,1,0,1,225
8/4/2024,42,medium,urban,loyalty_points,1,0,5,316
8/5/2024,21,medium,urban,bogo,0,0,9,283
8/5/2024,42,small,semi-urban,free_gift,0,0,8,139
8/6/2024,13,large,rural,free_gift,0,0,8,275
8/8/2024,49,small,urban,bogo,0,1,5,325
8/9/2024,41,medium,rural,loyalty_points,0,0,9,161
8/9/2024,17,medium,semi-urban,loyalty_points,0,0,3,215
8/9/2024,9,small,semi-urban,bogo,0,0,3,242
8/11/2024,41,small,semi-urban,free_gift,1,0,1,255
8/12/2024,1,medium,urban,loyalty_points,0,0,9,256
8/12/2024,2,large,urban,loyalty_points,0,0,6,258
8/12/2024,48,small,semi-urban,free_gift,0,0,2,190
8/12/2024,29,medium,urban,free_gift,0,0,8,263
8/13/2024,33,medium,rural,bogo,0,0,9,280
8/13/2024,10,large,semi-urban,loyalty_points,0,0,9,245
8/14/2024,50,medium,urban,flat_discount,0,1,2,406
8/14/2024,40,medium,semi-urban,free_gift,0,0,2,249
8/14/2024,21,medium,urban,bogo,0,0,7,286
8/15/2024,28,medium,semi-urban,bogo,0,0,4,266
8/15/2024,11,large,semi-urban,bogo,0,0,1,317
8/15/2024,34,small,rural,loyalty_points,0,0,8,161
8/15/2024,8,medium,rural,flat_discount,0,0,2,273
8/15/2024,22,large,semi-urban,free_gift,0,1,3,374
8/15/2024,8,large,semi-urban,flat_discount,0,0,5,324
8/16/2024,49,large,rural,flat_discount,0,0,3,251
8/17/2024,15,large,urban,bogo,1,0,7,373
8/18/2024,17,medium,urban,free_gift,1,0,7,295
8/19/2024,23,medium,urban,bogo,0,0,2,321
8/21/2024,24,medium,urban,bogo,0,1,7,370
8/24/2024,45,small,semi-urban,flat_discount,1,1,6,355
8/25/2024,19,medium,semi-urban,bogo,1,0,9,279
8/26/2024,5,medium,semi-urban,loyalty_points,0,0,9,209
8/27/2024,32,small,urban,loyalty_points,0,0,2,241
8/28/2024,44,large,semi-urban,bogo,0,0,7,252
8/29/2024,1,medium,urban,free_gift,0,1,5,408
8/29/2024,23,large,semi-urban,loyalty_points,0,0,6,249
8/30/2024,37,small,semi-urban,flat_discount,0,0,1,176
8/30/2024,8,small,urban,category_offer,0,0,7,222
9/1/2024,13,medium,urban,loyalty_points,1,0,6,297
9/2/2024,8,small,urban,flat_discount,0,1,4,330
9/2/2024,23,medium,rural,flat_discount,0,0,1,266
9/4/2024,43,large,rural,loyalty_points,0,0,9,241
9/7/2024,1,small,semi-urban,free_gift,1,0,4,255
9/7/2024,45,medium,urban,flat_discount,1,0,2,355
9/7/2024,24,medium,semi-urban,bogo,1,0,8,303
9/8/2024,35,medium,semi-urban,bogo,1,0,2,368
9/8/2024,24,large,rural,category_offer,1,0,5,253
9/9/2024,17,large,urban,category_offer,0,0,6,305
9/9/2024,5,medium,urban,loyalty_points,0,0,8,247
9/10/2024,20,medium,semi-urban,bogo,0,0,1,302
9/10/2024,21,medium,urban,free_gift,0,0,1,265
9/10/2024,40,large,urban,free_gift,0,0,4,274
9/11/2024,31,medium,urban,bogo,0,0,5,308
9/12/2024,46,medium,semi-urban,flat_discount,0,0,9,250
9/14/2024,36,large,rural,loyalty_points,1,0,7,311
9/14/2024,11,small,rural,loyalty_points,1,0,7,162
9/16/2024,15,large,semi-urban,free_gift,0,1,8,379
9/16/2024,19,small,semi-urban,free_gift,0,0,5,259
9/16/2024,7,medium,urban,flat_discount,0,0,5,280
9/18/2024,28,medium,semi-urban,free_gift,0,0,1,219
9/19/2024,43,large,urban,category_offer,0,0,9,282
9/19/2024,5,large,semi-urban,free_gift,0,0,6,277
9/19/2024,5,medium,urban,loyalty_points,0,0,9,257
9/19/2024,30,medium,urban,free_gift,0,0,3,266
9/21/2024,32,medium,urban,bogo,1,0,5,388
9/21/2024,8,large,urban,category_offer,1,0,2,331
9/22/2024,10,medium,urban,flat_discount,1,0,5,291
9/23/2024,38,medium,urban,bogo,0,0,8,323
9/23/2024,47,small,rural,bogo,0,0,2,157
9/23/2024,32,large,semi-urban,bogo,0,0,8,295
9/24/2024,48,medium,semi-urban,category_offer,0,1,4,390
9/29/2024,28,medium,rural,free_gift,1,0,1,271
9/29/2024,17,small,rural,category_offer,1,0,5,181
9/30/2024,31,large,semi-urban,free_gift,0,1,1,370
9/30/2024,8,small,rural,bogo,0,0,7,197
10/3/2024,40,medium,urban,category_offer,0,0,8,260
10/3/2024,25,large,urban,flat_discount,0,0,3,352
10/4/2024,9,medium,semi-urban,flat_discount,0,1,3,315
10/5/2024,2,small,semi-urban,free_gift,1,1,7,361
10/5/2024,15,medium,semi-urban,bogo,1,0,4,324
10/5/2024,50,large,urban,flat_discount,1,0,3,399
10/6/2024,3,medium,urban,category_offer,1,0,8,285
10/8/2024,49,large,semi-urban,free_gift,0,0,3,318
10/9/2024,36,small,urban,bogo,0,0,7,252
10/9/2024,4,medium,semi-urban,loyalty_points,0,0,2,235
10/10/2024,14,medium,semi-urban,free_gift,0,0,1,228
10/11/2024,41,large,semi-urban,loyalty_points,0,0,6,232
10/12/2024,41,small,rural,flat_discount,1,0,8,243
10/12/2024,25,large,rural,free_gift,1,0,1,300
10/13/2024,50,medium,semi-urban,loyalty_points,1,0,9,231
10/13/2024,10,medium,semi-urban,free_gift,1,0,3,274
10/14/2024,21,small,semi-urban,category_offer,0,0,3,213
10/16/2024,36,large,urban,bogo,0,0,4,332
10/16/2024,12,small,urban,flat_discount,0,0,1,259
10/16/2024,27,medium,urban,free_gift,0,0,9,263
10/17/2024,40,small,semi-urban,bogo,0,1,3,268
10/17/2024,2,large,semi-urban,loyalty_points,0,0,4,226
10/17/2024,13,medium,rural,flat_discount,0,0,1,250
10/18/2024,32,large,urban,loyalty_points,0,0,4,279
10/18/2024,31,small,urban,loyalty_points,0,0,1,253
10/19/2024,16,medium,rural,flat_discount,1,0,5,299
10/21/2024,32,medium,urban,bogo,0,0,5,322
10/21/2024,32,large,semi-urban,loyalty_points,0,0,7,299
10/22/2024,34,large,semi-urban,loyalty_points,0,0,8,248
10/23/2024,11,small,semi-urban,bogo,0,0,4,249
10/25/2024,10,medium,urban,bogo,0,1,7,364
10/25/2024,15,small,urban,free_gift,0,0,4,299
10/25/2024,17,medium,urban,category_offer,0,0,3,320
10/27/2024,40,small,semi-urban,bogo,1,0,6,272
10/28/2024,18,medium,semi-urban,category_offer,0,0,4,242
10/28/2024,9,medium,urban,flat_discount,0,0,3,329
10/29/2024,25,medium,semi-urban,flat_discount,0,0,9,239
11/1/2024,40,medium,rural,bogo,0,0,5,228
11/4/2024,14,medium,urban,bogo,0,0,7,320
11/4/2024,25,medium,semi-urban,bogo,0,0,6,268
11/4/2024,50,small,semi-urban,free_gift,0,0,5,204
11/5/2024,22,large,urban,bogo,0,0,7,318
11/5/2024,30,small,urban,flat_discount,0,0,6,204
11/6/2024,20,medium,semi-urban,bogo,0,0,2,284
11/6/2024,21,medium,rural,loyalty_points,0,0,3,223
11/6/2024,44,medium,rural,bogo,0,0,2,248
11/8/2024,32,small,semi-urban,bogo,0,0,3,271
11/8/2024,46,medium,semi-urban,free_gift,0,0,1,234
11/9/2024,49,large,urban,loyalty_points,1,0,8,304
11/10/2024,21,medium,semi-urban,flat_discount,1,0,6,295
11/11/2024,35,medium,semi-urban,category_offer,0,0,2,236
11/12/2024,32,medium,urban,category_offer,0,0,8,275
11/12/2024,30,small,semi-urban,free_gift,0,0,6,177
11/14/2024,39,medium,semi-urban,flat_discount,0,0,7,283
11/15/2024,49,large,urban,category_offer,0,0,1,366
11/15/2024,12,small,rural,flat_discount,0,0,7,183
11/17/2024,41,small,urban,free_gift,1,0,3,317
11/17/2024,47,small,urban,category_offer,1,0,8,234
11/18/2024,18,medium,urban,flat_discount,0,1,6,393
11/22/2024,21,large,rural,loyalty_points,0,0,4,264
11/22/2024,13,small,semi-urban,flat_discount,0,0,8,227
11/25/2024,21,medium,urban,loyalty_points,0,0,9,242
11/26/2024,8,small,semi-urban,free_gift,0,0,2,135
11/26/2024,46,large,urban,flat_discount,0,0,6,310
11/28/2024,40,small,rural,flat_discount,0,0,5,174
11/28/2024,46,medium,semi-urban,loyalty_points,0,1,5,275
11/28/2024,7,medium,semi-urban,flat_discount,0,0,3,264
11/28/2024,23,medium,rural,flat_discount,0,0,8,210
11/28/2024,44,medium,urban,bogo,0,1,8,355
11/28/2024,32,medium,urban,free_gift,0,1,5,328
11/29/2024,11,medium,semi-urban,free_gift,0,0,8,213
11/30/2024,22,small,rural,flat_discount,1,0,8,254
12/1/2024,22,small,urban,bogo,1,0,3,299
12/1/2024,43,medium,urban,flat_discount,1,0,2,331
12/2/2024,25,small,urban,flat_discount,0,0,9,226
12/3/2024,22,small,semi-urban,bogo,0,0,2,247
12/5/2024,28,medium,urban,category_offer,0,0,9,264
12/5/2024,29,large,semi-urban,flat_discount,0,0,4,221
12/6/2024,13,medium,rural,bogo,0,0,2,279
12/6/2024,18,small,semi-urban,bogo,0,0,1,277
12/7/2024,2,small,urban,loyalty_points,1,0,4,236
12/8/2024,29,large,semi-urban,loyalty_points,1,0,9,268
12/8/2024,21,small,urban,category_offer,1,0,9,246
12/10/2024,15,small,rural,flat_discount,0,0,4,174
12/10/2024,27,medium,semi-urban,flat_discount,0,0,9,248
12/12/2024,50,medium,urban,bogo,0,0,6,253
12/12/2024,31,medium,semi-urban,bogo,0,1,1,334
12/12/2024,15,small,semi-urban,free_gift,0,0,6,235
12/12/2024,23,small,semi-urban,category_offer,0,0,9,154
12/13/2024,24,large,urban,loyalty_points,0,0,2,335
12/13/2024,44,small,rural,loyalty_points,0,0,6,160
12/13/2024,13,medium,rural,bogo,0,0,2,208
12/15/2024,22,medium,semi-urban,category_offer,1,0,4,293
12/17/2024,43,medium,rural,bogo,0,0,8,233
12/17/2024,37,medium,urban,flat_discount,0,0,7,272
12/17/2024,33,small,semi-urban,category_offer,0,0,9,184
12/18/2024,3,medium,semi-urban,flat_discount,0,0,7,260
12/21/2024,19,large,semi-urban,bogo,1,0,1,384
12/22/2024,23,large,semi-urban,bogo,1,0,2,393
12/22/2024,29,small,urban,category_offer,1,0,6,277
12/24/2024,30,small,urban,category_offer,0,0,7,184
12/28/2024,39,large,urban,bogo,1,0,3,384
12/28/2024,44,medium,urban,category_offer,1,0,9,371
12/29/2024,47,large,semi-urban,bogo,1,0,7,367
12/31/2024,25,small,urban,bogo,0,0,6,321
12/31/2024,37,medium,urban,category_offer,0,0,6,296
